text,label
The NBA All Star game is completely unwatchable and has been for 10 years. Just cancel it,hot_take
The NBA is unwatchable in January and February. Regular season means nothing anymore,hot_take
Honestly the most beautiful offensive sequence ive ever seen from this team. That 7 pass set to the corner was art,reaction
"Heat culture quantified: Miami's 4th quarter performance (last 3 seasons) in games they trail at the start of the 4th: 34-21 record, +3.8 net rating. League average in same situations: -6.1 net rating. That's a 9.9 point process advantage",analysis
"Analyzing why small-market teams can't retain stars: since 2010, 23 of 27 max contract superstars who left via free agency moved to LA, Miami, Brooklyn, or Boston. The 4 exceptions (Durant/OKCâ†’Brooklyn, Booker staying in PHX) prove the rule",analysis
"LeBron's longevity by the numbers: 21 seasons, 21 consecutive seasons averaging 25+ PPG (through year 18), still top 10 in PER at age 38. No player in league history maintained that level of production this late in a career. Jordan retired at his peak",analysis
LeBron at age 38 was still top 5 in the league and anyone who disagrees didnt watch basketball,hot_take
The Thunder are tanking AGAIN and the league just lets them do it. The system is broken,hot_take
Giannis Antetokounmpo in his prime is already a top 10 player all time. Age 28 and he has a ring,hot_take
The NBA draft is overrated. Most stars come from the lottery and most lottery picks bust anyway,hot_take
WESTBROOK COMES OFF THE BENCH AND IMMEDIATELY TAKES A BAD SHOT. ART IMITATES LIFE,reaction
Morant's explosiveness quantified: he averages 9.2 drives per game (7th in league) and converts them at 1.12 PPP (2nd among players with 8+ drives per game). Only players faster to the rim: De'Aaron Fox and SGA. He's genuinely elite in transition,analysis
Steph Curry at 35 years old is posting an eFG% of 61.8% on 16.2 three-point attempts per 36 minutes. No player 35 or older in NBA history has maintained that volume and efficiency. Unprecedented aging curve,analysis
"Doncic vs Young head to head this season: Luka 31.4/8.8/9.2, Trae 27.3/3.1/11.8. Both playing elite basketball. The interesting wrinkle: in head-to-head games, Young actually outscores Luka 29.1 to 28.4 but Luka's team wins at a higher rate (6-3)",analysis
Boston fans are the most insufferable fanbase in sports. Knicks fans are a close second,hot_take
Nikola Jokic is overrated as a center. Give me Shaq in his prime over Jokic any day of the week,hot_take
Draymond Green gets away with the dirtiest plays in the league because he plays for the Warriors,hot_take
TRADE ALERT TRADE ALERT TRADE ALERT HOLY MOLY THEY ACTUALLY DID IT,reaction
"Revisiting the Harden-Maxey split in Philly: in the 67 games they played together last season, the Sixers posted a 117.2 ORTG. In Maxey's 23 games without Harden due to injury, it dropped to 112.8. Context matters for the 'trade Harden' narrative",analysis
The Clippers will NEVER win a championship. Its cursed. Accept it Clipper nation,hot_take
Bron just tied the all time scoring record and the arena is having a full breakdown rn im crying at home too,reaction
"Statistical proof the East has genuinely improved: since 2021, East playoff teams averaged 48.7 regular season wins vs West teams' 50.1. In 2024, East teams averaged 49.4 wins vs West's 50.8. Closing the gap. The era of East being joke is over",analysis
Joel Embiid's true shooting percentage in the 76ers' wins this season: 68.4%. In losses: 56.1%. That's a massive 12.3 point swing. He is genuinely one of the most impactful offensive players alive when he's locked in,analysis
bro nuggets just blew a 22 point lead in the 4th quarter i want to die actually,reaction
OKC's net rating this season (+8.7) is driven primarily by their defensive performance â€” 2nd in the league at 109.2 DRTG. What's interesting is their offense (116.0 ORTG) is good but not elite. Their ceiling is high if they develop shooting,analysis
Comparing SGA to prime Kobe Bryant at the same age: Kobe at 25 was posting 27.6/5.9/4.7. SGA at 25 is at 31.8/5.5/6.3 on better shooting percentages. Different era obviously but the offensive skill set comparison is legitimate,analysis
OKC Thunder will be the next dynasty. Shai is a top 3 player. Book it.,hot_take
"Victor Wembanyama's defensive versatility score (DVS) â€” ability to guard all 5 positions â€” is 8.4/10 per ESPN tracking, the highest among any player over 7 feet in league history. For context, Giannis posts 7.1 and Davis posts 7.6",analysis
Paul George's career playoff performance: .426/.325 shooting on 19.4 PPG. His True Shooting drops 4.1 points in playoffs vs regular season â€” one of the larger drops among stars. The data supports the narrative on this one,analysis
LeBron James career Games Score (a single-game performance metric) over 40: Jordan had 5 such games in his career. LeBron has 23. At age 38 he posted a 41.3 game score against Dallas that ranked in the top 50 single-game performances in league history,analysis
The NBA should just admit the draft lottery is rigged. Too many coincidences at this point,hot_take
Pelicans twitter is the saddest place on earth rn. zion walking boot. season over.,reaction
celtics just went on a 19-2 run in 4 minutes. boston fans going absolutely nuclear rn,reaction
Lakers are COOKED this season. 3rd loss in a row to sub .500 teams. Fire everyone,reaction
The data on 'home court advantage' in the modern NBA: teams with home court advantage in a series win at a 62.3% clip. But in Game 7 specifically that drops to 55.1%. The psychological edge of home court is greatest in games 1 and 2 and diminishes to near-coin-flip in game 7,reaction
"Celtics 2024 championship by the numbers: 4-0 at home, 12-3 overall, +8.4 net rating in the playoffs, Tatum posted 22.2/9.0/6.4. What people miss: their bench outscored opponents' bench units by +7.1 per game. Depth was the difference maker",analysis
"shai just crossed two defenders, stepped back, and nailed the go ahead three. cold blooded",reaction
bron with 10 assists before halftime. the man is 39 years old. stop it. STOP IT.,reaction
watching Steph Curry warmups before the game is genuinely one of the best parts of being alive,reaction
Load management is destroying the NBA. These guys make 40 million a year sit DOWN and PLAY,hot_take
"The Knicks rebuild blueprint: Brunson (28, signed through 2028), OG (26, signed through 2027), Hartenstein (26), Robinson (26). Zero players over 30 in the core. Arguably the best roster construction in the East outside Boston. This is real",analysis
my guy just played 44 minutes with a torn fingernail. this is the warrior spirit,reaction
OT game 6. i cant breathe. someone text my family i love them,reaction
The NBA needs a hard cap immediately. Parity is dead and small markets have no chance,hot_take
People sleeping on Tyrese Haliburton's assist numbers need to look at his assist-to-potential assist ratio. He converts 68.3% of passes that lead to shots into actual assists â€” the league average is 52.1%. He puts teammates in better positions,analysis
yo Wembanyama just blocked 4 shots in 2 minutes. alien confirmed,reaction
HOLY COW JAYLEN BROWN JUST WENT OFF. 14 POINTS IN 90 SECONDS BRO,reaction
Shaquille O'Neal would average 42 points a game in todays NBA with no hand checking,hot_take
Stephen Curry is the greatest shooter of all time by such a large margin it shouldnt even be discussed,hot_take
Analyzing Minnesota's defensive transformation post-Gobert: their defensive rating went from 24th (115.4) to 6th (109.3) in one season. Rim protection changed their scheme â€” they now allow 8.4% fewer at-the-rim attempts because teams fear the deterrent effect,analysis
Moses Moody is going to be a star. Warriors are developing him perfectly. Watch.,hot_take
Kyrie Irving is the most skilled ball handler to EVER play this game. I don't care what anyone says,hot_take
"Shai Gilgeous-Alexander's scoring by game situation: in fourth quarters this season he posts 9.4 PPG on 52.3% shooting. In the final 2 minutes of games within 5 points, he's 18-for-32 (.562). The clutch narrative around him is backed up in every sub-sample",analysis
LEBRON JUST POSTERIZED THAT MAN INTO ANOTHER DIMENSION ðŸ˜­ðŸ˜­ðŸ˜­,reaction
The Miami Heat culture is the most overrated thing in basketball. It's just Pat Riley hoarding players,hot_take
SGA just dropped 47 on 17/24 shooting. this man is different. DIFFERENT.,reaction
"Revisiting the 2019 trade of Anthony Davis to LA: the Pelicans received picks that became #1 (Zion), #4 (Ingram), and assets for Brandon Ingram contract. Ingram has averaged 24.3 PPG over 3 seasons. The haul was better than initial reactions suggested",reaction
Anthony Davis is the most underutilized superstar in the history of this league. Wasted talent,hot_take
Luka Doncic is already better than Dirk was at the same age and its not even close tbh,hot_take
Analyzing the 'load management' ROI: players who play 65+ games in their age-29 season have 23% fewer games missed in their age 32-34 seasons per longitudinal tracking. The Kawhi approach has no statistical backing for long-term durability,reaction
GORDON HAYWARD WALK OFF THREE IN GAME 7 I AM GOING TO PASS OUT,reaction
NBA players today could NOT survive in the 80s. Rick Mahorn would end half these guys careers,hot_take
Kawhi Leonard is overrated because he played with Tim Duncan then played with LeBron-lite in Kyle Lowry,hot_take
Russell Westbrook triple doubles were all padding. Most empty stats in the history of sports,hot_take
Revisiting the Rudy Gobert trades with hindsight: Minnesota gave up 5 picks and 3 young players. Gobert is posting 14.4/11.8/1.4 blocks on 67.2% shooting. The Wolves defensive rating went from 24th to 6th. The haul was too much but results validate it,analysis
"The Bucks' problem in 5 stats: 18th in clutch net rating, 29th in clutch TS%, Giannis shoots 58.1% from FT in clutch situations vs 71.2% in non-clutch. Teams foul him strategically in close games. This is why they need a second closer",analysis
"The Knicks-Celtics historical matchup data since 2016: Celtics are 58-32 against New York (.644 win rate). But in MSG specifically, Celtics are 22-21 (.512). Home court matters more in this rivalry than any other East matchup per data",analysis
Magic Johnson vs LeBron James as PG is not even a debate. Magic runs circles around him,hot_take
"The case for Jaylen Brown as co-star: in games Brown scores 25+, Celtics record is 38-8. In games he scores under 20, they're 32-14. His impact on win probability is +22.7% in high-output games. He's not a sidekick. The stats confirm it",analysis
just witnessed the single worst officiated game in NBA history. both teams got screwed,reaction
Heat crowd just got silent after Bam airballed a free throw with 10 seconds left lmao,reaction
Lebron is the GOAT and anyone who says different is just a Jordan fanboy who never watched him play. End of discussion.,hot_take
The case that advanced stats underrate defense: DBPM and Defensive BPM fail to account for positional deterrence. Gobert's DBPM is 2.1 but his shot deterrence at the rim (opponents take 22% fewer attempts per game when he's playing) isn't captured in box scores,analysis
Zone defense should be BANNED from the NBA. It ruins the product and everyone knows it,hot_take
Zion Williamson is the most physically gifted player since prime Shaquille O'Neal. Period.,hot_take
refs have called 8 fouls on jokic in the first half and he has 0 turnovers. LEGEND,reaction
Kobe Bryant was more skilled than Michael Jordan. Jordan was more athletic. Different things.,hot_take
"Carmelo Anthony should be in the Hall of Fame and this isnt even debatable. 10x All Star, scoring champion",hot_take
"Tatum's usage rate in clutch situations (last 5 mins, within 5 pts) is 38.2% this season, and he's shooting 42.3% in those moments. People calling him not clutch are ignoring a 500+ possession sample size",analysis
Scottie Pippen was the second best player of the 90s and the Suns and Jazz fans know it,hot_take
just realized we traded that pick and now its a top 3 pick. im going to be sick,reaction
Wembanyama is going to be the greatest player of all time. Better than LeBron better than Jordan. Mark my words,hot_take
Devin Booker is better than Kobe was at the same age and I will not be taking questions at this time,reaction
"The Lakers rank 28th in 3-point attempts per game (31.4) and 26th in 3-point percentage (34.7%). In 2024 NBA basketball, that combination of volume and poor efficiency is close to unplayable in a playoff setting",analysis
"Russell Westbrook historical revisionism: his 2017 triple-double season had a 108.2 BPM, a WS/48 of 0.198, and the Thunder went 47-35. Those numbers don't lie â€” it was a genuinely great individual season on a good team, whatever anyone says",analysis
James Harden invented a new style of basketball and deserves more respect than he gets,hot_take
GIANNIS WITH THE SLAM AND THE FOUL AND HE AINT DONE ðŸ”¥ðŸ”¥ðŸ”¥,reaction
Zion just ate a guy whole. that man is not human. someone call the league,reaction
Patrick Beverley is the most annoying player to ever play in the NBA. Zero respect for the game,hot_take
Tyrese Haliburton is the most underappreciated star in the league. Best playmaker under 25 easily,hot_take
The idea that OKC cannot win a title with Shai is not supported by data. He posts 54.4% TS% in 4th quarters this season â€” identical to Curry's 2016 clutch TS%. The surrounding cast question is legitimate but the star is championship-caliber,analysis
Damian Lillard wasted his prime in Portland and the blame falls entirely on the front office,hot_take
just saw the injury report. our whole starting 5 is questionable. fantastic. wonderful. great.,reaction
THUNDER JUST TRADED UP TO GET THE FIRST PICK AGAIN??? HOW. HOW DO THEY DO IT,reaction
"Analyzing why Philly keeps failing in playoffs: their half-court offense ranks 4th but their transition defense ranks 21st. Embiid can't get back, Maxey gambles, and playoff teams get 14.2 PPG in transition against them vs season average of 11.4",analysis
Looking at Jokic's assist-to-turnover ratio this season (4.8:1) compared to other centers in NBA history â€” no center in the shot clock era has maintained that ratio over a full season at his usage rate. The man is a statistical anomaly,analysis
"Statistical comparison of this Thunder team to young OKC 2009-2012: 2009 OKC avg age (21.3), 2024 OKC avg age (22.8). 2009 DRTG (109.1), 2024 DRTG (109.3). History rhymes. They're ahead of schedule compared to the Durant-Westbrook version",analysis
Jalen Brunson's isolation PPP this season (1.04) is top 5 in the NBA. His pull-up 3-point percentage on 5+ per game is 38.7%. He's not a system product â€” he creates his own high-quality looks and converts them. Max player argument,analysis
Deep dive on Steph's off-ball movement: he averages 4.7 catches off movement screens per game (top 3 in league) and converts those to 1.19 PPP. Defenses have to account for him without the ball which opens everything for Draymond-led sets,analysis
we just lost to a team that was 8 games under .500. i need to speak with someone professionally,reaction
The 2024 NBA Finals defensive breakdown: Boston held opponents to 108.2 PPP in the series (best for a champion since 2016 Cleveland). Their switching scheme against pick and roll was the tactical story â€” they switched 78% of all PnRs and allowed 0.84 PPP on those,analysis
Rudy Gobert does NOT deserve any of his Defensive Player of the Year awards. Marketing job by the Jazz,hot_take
pacers fan here. haliburton just went off for 42 and 18 assists. im not okay. in a good way.,reaction
Ben Simmons statistical comparison to other elite playmaking forwards at age 27: his 8.1 assists per game would rank top 8 all-time for power forwards/centers. His 7.7 RPG and 1.7 SPG are excellent. He needs to fix the shooting. Everything else is there,analysis
"Portland Trail Blazers historical bad luck index: 3 lottery wins (1983, 1984, 2007) all resulted in busts or trades. 5 near-misses on generational talent (missed Jordan 1984, Durant 2007, LeBron 2003). Statistically most unlucky franchise in NBA draft history",analysis
Pacers fan checking in. We somehow survived a game 7 on the road. I need to sleep for 3 days,reaction
The case for Kawhi Leonard as the best two-way player ever: his DBPM peaked at 4.2 in 2016 while his OBPM was 7.8. A combined 12.0 BPM in a two-way season. Only Jordan (12.8 in 1988) posted a higher combined BPM in the shot-clock era,analysis
we down 22 in the 4th. got work tomorrow. gonna head out. this team owes me years of my life,reaction
"The Nuggets pick-and-roll data shows why Jokic is unique: when he's the roll man, Denver scores 1.28 PPP. When he's the ball handler: 1.22 PPP. He is elite in both roles â€” the first player to rank top 5 in both categories simultaneously in the three-point tracking era",analysis
Larry Bird was more clutch than any player in NBA history including Jordan. Read the room,hot_take
The Celtics are frauds. They have the most talent in the East and still find ways to lose,hot_take
NBA Twitter is destroying the enjoyment of basketball for real fans. Too much noise,hot_take
"Breaking down Wembanyama's block rate by zone: he blocks 12.1% of attempts at the rim, 4.2% in the mid range (which almost never happens), and 2.8% on above the break 3s. That last number is genuinely unprecedented in NBA tracking",analysis
THE BLOCK. THE BLOCK. THE GOAT BLOCK. WE ARE ALL WITNESSES,reaction
the sideline reporter just asked Giannis how he feels and he said 'I feel like I want to win' iconic,reaction
Donovan Mitchell is a top 5 shooting guard in the NBA and Cleveland is slept on HARD,hot_take
giannis is literally just running through people like its a video game on rookie mode rn,reaction
The refs literally decide who wins the finals every year. The games are rigged at this point,hot_take
The real story of Dallas's drop off: post-Doncic scoring distribution shows 68.3% of their points in the half court come from Luka-initiated possessions. No other playoff team exceeds 61%. The over-reliance makes their offense predictable in late playoff rounds,analysis
miami heat in the playoffs is genuinely one of the most stressful experiences a fan can have,reaction
The 2001 Lakers were the best team in NBA history. Shaq AND Kobe in their prime is unfair,hot_take
BUDDY HIELD WITH THE BUZZER BEATER NOOOOO WHY IS HE OPEN WHY IS HE EVER OPEN,reaction
yo that crowd noise when steph hit the logo three. championship atmosphere confirmed,reaction
Chris Paul is the most overrated player in league history. Always chokes when it matters,hot_take
The Warriors should have their 2017 title stripped because of KD joining a 73-win team,hot_take
we are watching curry play his last few seasons. appreciate every moment people,reaction
bam adebayo in the 4th quarter with the game on the line hits different. he HITS DIFFERENT,reaction
Kyrie Irving's per-game numbers when he plays 60+ games in a season (career): 24.8/5.0/6.4 on .480/.397/.900. When he plays fewer than 55: 23.1/4.6/5.7 on .461/.378/.877. The talent is elite â€” availability is the only question,analysis
the absolute STATE of clippers defense rn. my grandmother could score on them,reaction
knicks win!! knicks win!! i am allowed to feel happiness for once in my miserable life!!,reaction
we came back from 30 down to win???? THIRTY???? WHAT BASKETBALL IS THIS,reaction
The NBA officiating has never been worse. It's embarrassing at this point. NBRA is a joke,hot_take
"The Knicks offensive rating with Brunson on the floor is 116.3. Without him it drops to 104.8. An 11.5 point differential. That's not a star player, that's a franchise cornerstone. Pay the man whatever he wants",analysis
Anthony Davis just blocked 3 shots in 30 seconds and im supposed to act normal about that,reaction
oh my god oh my god oh my god Ja just threw it off the backboard to himself for the dunk WHAT,reaction
Celtics are seriously going to win this series and its making me physically ill as a nets fan,reaction
Trae Young is a top 5 point guard RIGHT NOW and nobody wants to admit it because Atlanta isnt a big market,hot_take
"Ranking franchise cornerstones by Wins Above Replacement per season (past 5 years): Jokic 22.1, Giannis 19.4, LeBron 17.8, Durant 16.9, Curry 16.2. Jokic's lead over second place is larger than Durant's lead over Curry. The WAR argument ends all MVP debates",reaction
Harden just took his 11th step before the shot and they called the foul. I quit watching basketball,reaction
The statistical case against hero ball in the playoffs: teams that rank top 5 in AST% during regular season convert that into playoffs at 73% success rate. Teams in bottom 5 AST% convert at 41%. Sharing the ball is the single best predictor of playoff advancement,reaction
KD leaving OKC was the worst thing to happen to the NBA in 20 years. Killed the league's competitiveness,hot_take
Steph Curry changed basketball more than Jordan ever did. Scorching hot take but its true,hot_take
Victor Wembanyama playing in the French league meant nothing. The NBA is a different planet,hot_take
Kevin Durant is the most gifted offensive player to ever pick up a basketball. Better than LeBron offensively,hot_take
WE WON A PLAYOFF GAME. SACRAMENTO KINGS WON. A. PLAYOFF. GAME. LIGHT THE BEAM ðŸ”¦,reaction
i cant believe i stayed up till 1am for THIS performance from my team. disgraceful,reaction
"Breakdown of Celtics defensive efficiency by lineup: Tatum-Brown-White-Holiday-Porzingis posts a 98.4 defensive rating in 412 minutes together, which would be the best 5-man unit defense in the league by a significant margin",analysis
Giannis Antetokounmpo's rebound rate (27.1%) leads all non-centers who average 30+ points. His defensive rebound rate (27.8%) would rank 3rd among starting centers. He provides center-level rebounding from the forward spot which is structurally undervalued,analysis
Jokic's passing angle on that last play was physically impossible. The man plays 5D chess,reaction
Pat Riley is the greatest executive in NBA history and its not close. Phil Jackson had Jordan so it doesnt count,hot_take
The Nuggets title in 2023 was the best outcome for the NBA in 20 years. Real basketball won,hot_take
KD and Kyrie in Brooklyn was the greatest team ever assembled that never won anything,hot_take
young blood just walked into the building and MSG went absolutely INSANE for tatum,reaction
This refs are BLIND. That was clearly a foul on Tatum. Absolutely criminal call,reaction
Giannis without a jump shot is a liability in the playoffs and we see it EVERY year,hot_take
"Luka's playoff performance at age 24 vs LeBron's at 24: Luka 28.4/9.1/8.7 on .468/.382 shooting. LeBron 28.6/8.1/7.3 on .491/.325 shooting. Fairly comparable actually, though LeBron played fewer games at that stage",analysis
Jimmy Butler is the most clutch player in the NBA right now. Not Tatum. Not Durant. Jimmy.,hot_take
The Knicks are 3 years away from winning a title. New York is BACK and the league is scared,hot_take
The Pelicans CJ McCollum problem: in games McCollum scores 20+ the Pelicans are 21-8. In games he scores under 15 they're 11-22. The entire offense funnels through his creation. Zion and BI aren't volume shot creators â€” CJ has to be 'on' for this team to work,analysis
SPIDA MITCHELL WITH THE PUT BACK DUNK TO TIE IT. QUICKEN LOANS IS ELECTRIC. WAIT ITS ROCKET MORTGAGE,reaction
"traded away our 3 best players for draft picks and the picks are 8, 12, 14. I'm fine. totally fine.",reaction
"Anthony Davis rim protection stats: opponents shoot 48.2% at the rim when he's the primary defender vs 64.7% when he's not. That's a 16.5 point suppression. For reference, Gobert's suppression rate is 14.2 at the rim this season",analysis
"Jimmy Butler playoff scoring by series pressure: in series where his team is down 2-1 or worse, he averages 31.4 PPG on 56.2 TS%. In series where his team leads 2-1+, he averages 22.1 PPG. He genuinely elevates with his back against the wall",analysis
Paul George chokes every single playoff series and yet gets max contract after max contract,hot_take
FOURTH QUARTER JAYSON TATUM IS BACK AND THE GARDEN IS LOSING IT,reaction
Historical win curve for lottery picks vs free agency: teams that added a top-5 pick averaged improvement of +9.4 wins in Year 1. Teams that signed a max free agent averaged +7.1 wins. Draft acquisition wins faster AND is cheaper. Analytics confirm the rebuild strategy,analysis
Analyzing Draymond Green's impact metrics: teams with Draymond on floor post 107.8 defensive rating. Off: 117.1. That's a 9.3 point differential from one player who doesn't score. His BPM (3.1) undersells his actual court impact,analysis
i hate this team. i love this team. i hate that i love this team,reaction
Historical context for the OKC rebuild: they had 14 picks in the top 32 over 5 drafts. Comparable rebuild: Spurs post-Robinson era (12 top picks in 6 years). Spurs converted that into 4 championships. The Thunder blueprint is proven,analysis
The Lakers are still the most important franchise in the NBA and it drives everyone crazy,hot_take
announcer just said 'he has been SENSATIONAL tonight' about a guy who has 8 points. the bar is low,reaction
the energy in that arena when KD came back to Oklahoma City was something else man,reaction
They just announced KD is out for the season and i need a moment. just... a moment.,reaction
this game went to overtime and i have work in 6 hours. worth it tbh,reaction
The three point line ruined basketball. Real ball was played in the paint. Bring back the 80s game,hot_take
"Nikola Jokic's BPM (Box Plus-Minus) over the past 3 seasons: +12.8, +13.9, +11.4. For context, the highest BPM seasons in NBA history are Wilt's +14.3 (1962) and Jordan's +13.0 (1988). Jokic is historically unprecedented",analysis
the way tatum hits a stepback three in your face after a timeout is actually disrespectful,reaction
"Comparing Embiid and Jokic MVP seasons head to head on BPM: Embiid's best: +11.3. Jokic's best: +13.9. Jokic leads in assists by 4.1/g, Embiid leads in blocks by 0.9/g. Jokic's passing makes him the better player by most advanced metrics",analysis
"The modern NBA pace and space effect on big men: centers averaged 10.1 PPG in 2010. In 2024, starting centers average 16.8 PPG. The rule changes (more space, less physicality) created 6.7 extra points per game. The center position has never been more valuable",analysis
Dame time in Milwaukee??? that three pointer at the buzzer i am DECEASED,reaction
"Shai Gilgeous-Alexander has posted a PER of 31.4 this season, which would rank in the top 8 single-season marks in NBA history. His true shooting percentage of 63.1% while generating 32.1 PPG is historically elite shot creation efficiency",analysis
Comparing this Celtics team to past Celtic dynasties: 2024 roster ORTG (121.3) vs 1986 team (est. 114.1 pace adjusted). 2024 DRTG (109.8) vs 1986 (est. 107.2 pace adjusted). On pace-adjusted metrics the 2024 Celtics are historically comparable to the Bird era teams,analysis
game 7. home court. and we're down by 18 in the 3rd. classic. absolutely classic.,reaction
"The NBA is in its best era right now and anyone who disagrees is wearing nostalgia goggles. More skill, more athleticism, more competition than ever before in history",hot_take
Zion Williamson in 65+ game seasons: 27.4/7.1/4.7 on .569 shooting. That's historically elite efficiency for a player of his shot volume. The only question mark is games played. Pelicans need to figure out his conditioning,analysis
Trae Young has the 4th highest PPP on pull-up jumpers (1.08) among players who attempt 6+ per game. His shot chart is terrible to look at but the efficiency numbers tell a different story about what he's doing with those looks,analysis
Revisiting the KD ring debate with data: Durant's playoff TS% with Golden State was 67.2%. His TS% in Brooklyn/Phoenix/OKC combined was 62.8%. The difference in context explains roughly 40% of his output improvement per regression models,analysis
Luka with the step back three over two defenders at the buzzer. Gonna replay this 900 times tonight,reaction
The Raptors title in 2019 was a complete fluke and we all know it. Kawhi left right after for a reason,hot_take
nuggets crowd is ROCKING rn. jokic just did a euro step on two defenders and im crying,reaction
"The real Giannis leap: his 3-point percentage went from 29.4% in 2021 to 27.3% in 2022 to 33.2% in 2023 to 31.8% in 2024. The improvement is real but inconsistent. Until he hits 35% consistently, playoff defenses will keep dropping off him",analysis
"Devin Booker's scoring ranks: 7th in PPG (28.3), 11th in eFG% (56.8), 4th in pull-up PPP (1.07). His perception lags his actual statistical standing. Big market bias is real and Phoenix suffers from it",analysis
Advanced breakdown of why Giannis struggles late in playoffs: his opponent PPP against in clutch situations is 1.14 (compared to 0.89 in regular season). Teams are hunting him in PnR with good shooters and the Bucks can't space it enough,analysis
Shai Gilgeous-Alexander will win MVP this season. Put some respect on his name NOW,hot_take
"The Nets rebuild in perspective: 3 years ago they had KD, Kyrie, Harden. Today they have Ben Simmons on max contract and 4 first round picks. That's a generational mismanagement of assets by a front office",analysis
my team just got swept in round 1 by a 6 seed. goodnight. see you in october ðŸ˜”,reaction
EMBIID JUST DUNKED ON GOBERT AND STARED HIM DOWN. BROTHERRRR,reaction
KAWHI JUST ACTIVATED. EYES TURNED BLACK. TERMINATOR PROTOCOL ENGAGED,reaction
Udoka should never have been suspended. Double standard from the league office,hot_take
The East is STILL weaker than the West. Celtics winning a title doesnt change 15 years of imbalance,hot_take
Knicks fans watching their team blow another 4th quarter lead: ðŸ˜,reaction
"The Pacers formula: 7th fastest pace in league (100.4), 4th best assists per game (30.2), 3rd best corner 3 percentage (41.8%). Haliburton's system is built to exploit the modern NBA defensive principles. The data says they can compete",analysis
The Spurs success was entirely Tim Duncan. Pop would have zero rings without him,hot_take
"Miami's 5-man lineup of Butler-Herro-Martin-Vincent-Bam posts a +12.4 net rating in 238 minutes. That's elite. The Heat are not a superteam, they're a system team â€” and that lineup data shows why the sum is greater than parts",analysis
The case for Ja Morant as a franchise cornerstone despite suspensions: his on-court metrics when available are genuinely elite. Net rating differential when Morant plays vs sits: +11.4. No other player in the West outside of Jokic has a larger on/off split,reaction
"halftime score update: my will to live: 0, opposing team: 127",reaction
wait wait wait did they just trade for TWO max players at the deadline?? the internet is going to explode,reaction
The Warriors dynasty was the most boring era in NBA history. 4 finals appearances with a super team yawn,hot_take
my team is getting blown out by 38. the broadcast team has moved on to discussing golf. i respect it,reaction
PAUL GEORGE CHOKED AGAIN. I CALLED IT. I CALLED IT EVERY SINGLE TIME,reaction
"The Warriors dynasty by the numbers: 4 titles in 8 years, 6 Finals trips, 73-win season. Average regular season win total: 63.5. That's the highest 8-year average in NBA history, including the 80s Celtics (60.2) and 90s Bulls (61.7)",analysis
Phoenix Suns ownership is the biggest obstacle to that franchise ever winning anything,hot_take
"The Thunder's path to contention timeline: Shai at 25, Holmgren at 22, JDub at 23, Dort at 25. Their salary structure has 4 max slots opening in the next 3 years. The architecture is genuinely better than any other young team",analysis
The NBA was better in the 90s. Soft league now. They wouldnt last a single game back then lol,hot_take
The Celtics bench ranks 4th in scoring this season but 1st in net rating (+6.2). What that tells you is they don't score a ton but they don't give up anything either. Depth wins in the 2nd round when rotations tighten,analysis
"The Pelicans are the most cursed franchise in sports. Zion, BI, always someone hurt",hot_take
"Year 3 Wembanyama projection based on comparable rookies: per Similarity Scores, his closest comps are Hakeem Olajuwon, David Robinson, and Anthony Davis in their first 2 seasons. The median outcome for those comps at Year 3: 25.1/10.4/3.8 blocks",analysis
curry just hit his 7th three of the game and were only in the 3rd. hall of fame night,reaction
my 7 year old just started crying because his team lost. welcome to being a sports fan buddy,reaction
OKAYYYY JOKIC DID THAT ARE YOU KIDDING ME. Back to back to back MVP watch happening LIVE,reaction
Jaylen Brown is a top 15 player in the NBA and still gets disrespected constantly,hot_take
Jayson Tatum is not a #1 option on a championship team. He needs a true co-star to win it all,hot_take
"Breaking down Luka's weaknesses with data: opponents scoring on fast breaks when Luka is the last defender: 1.28 PPP (2nd worst among starting guards). His on-ball defense allows 1.09 PPP (above league average of 0.91). Offense is elite, defense is legitimately below average",analysis
"Analyzing the Celtics dynasty window: average age of core: 27.3, all on controllable contracts through 2026, top 3 defense 3 of past 4 seasons, top 5 offense 2 of past 4. Their window is 4-5 years and they've won once. Clock is ticking",analysis
Nikola Jokic will win 5 MVPs before he retires. He is changing what we think a center can be,hot_take
"Tyrese Haliburton's playmaking efficiency: when he runs PnR as ball handler, Indiana scores 1.21 PPP â€” highest in the league among primary PnR guards. His PnR passing grade of 91.4 per Second Spectrum beats Chris Paul's best season (89.7)",analysis
Why the Warriors are still relevant: their offensive system generates 1.14 PPP without Curry on the floor (top 5 in league). That means Curry's off-ball movement and gravity generate value even in his absence. The system is independent of any player,analysis
Joel Embiid is not clutch and will never win a ring because of it. Stats dont tell the whole story,hot_take
Ben Simmons is the biggest bust in NBA draft history and I will die on this hill,hot_take
The Durant-Kyrie Brooklyn experiment statistical autopsy: their net rating together in 88 minutes in 2021: +14.7. In 2022 before Kyrie's suspension: +12.3. The talent worked. The availability didn't. This is a cautionary tale about injury luck not ability,analysis
LeBron just played 41 minutes at 39 years old with 28/10/12. Father Time is terrified,reaction
Lonzo Ball was sabotaged by the Lakers organization. Could have been an All Star,hot_take
Just left the arena. Greatest sporting event I've ever witnessed. No sleep till 6am and I don't care,reaction
Statistical case for Dame Lillard being underrated: his Points Per Possessions Used in clutch situations from 2019-2024 (0.981) ranks 3rd in the NBA behind only Durant and Curry among players with 200+ clutch possessions,analysis
NOOOOOOOO HE MISSED THE FREE THROWS. BOTH OF THEM. WITH 4 SECONDS LEFT. I CANNOT DO THIS,reaction
trade just dropped HOLY SHIT. Dame going to Miami??? WHAT IS HAPPENING,reaction
THE STEAL AND THE DUNK AND THE CROWD AND I CANNOT FEEL MY LEGS THIS IS INSANE,reaction
Ja Morant would average 35 a game if he had Durant or Giannis next to him. Most explosive PG alive,hot_take
The NBA should go back to hand checking rules. Defense was an art form. Now its a layup contest,hot_take
"Ranking true franchise rebuilds by efficiency (draft pick to playoff team in fewest years): OKC 2019-2023 (4 years), Memphis 2019-2022 (3 years), Cleveland 2022-2024 (2 years). Cavs might be the most efficient rebuild in recent NBA history",analysis
John Stockton was robbed of multiple MVPs because he played in Utah. Small market bias is real,hot_take
The economics of NBA tanking: teams that finished top 3 in picks from 2010-2020 are currently averaging 51.2 wins per season. Teams that didn't tank and stayed 35-47 win teams averaged 43.1 wins. Tanking works statistically for rebuilds,analysis
"Jimmy Butler's clutch shooting over the past 3 playoff runs (last 5 min, within 5): 24.3 PPG, .489 TS%, 9-for-14 on game-tying or go-ahead attempts. The 'Jimmy is clutch' narrative is supported by a substantial sample size",analysis
Devin Booker is a top 10 player in the NBA rn. Phoenix is sleeping on a generational talent,hot_take
this series is rigged and you all know it. same winner every time. same market. wake up people,reaction
breaking: entire lakers roster just listed as questionable with left eyebrow soreness,reaction
The Anthony Davis fatigue pattern: his PER in games 1-50 of a season: 28.4. In games 51-82: 24.1. His performance decay rate is 15% over a full season. The Lakers manage his load for a reason â€” when fresh he's a top 3 player,analysis
"The 'Embiid shouldve won more MVPs' argument: in the 3 seasons he finished 2nd, his BPM (9.1, 10.3, 11.3) exceeded the winner in 2 of 3 seasons. The voter bias toward scoring-focused players over two-way dominators is measurable across 20 years of MVP data",reaction
"Victor Wembanyama is averaging 3.6 blocks per 36 minutes in his rookie season. To put that in context, Dikembe Mutombo's best season was 4.2 per 36. Wemby is 7 feet 4 with a 8-foot wingspan. We've never seen this",analysis
this team just called timeout with 0.3 seconds left down 6. inspiring stuff coach,reaction
